﻿Designator,Footprint,Quantity,Value,LCSC Part #
BZ1,YS-SBZ9650DYB05,1,YS-SBZ9650DYB05,C409830
"C1, C14, C15, C18, C19, C21, C23, C25, C26, C27, C28, C33, C34, C39, C40, C42, C45, C47, C48, C50, C53, C61, C62, C63, C7",0402,25,0.1μF,C307331
"C10, C12, C22",0805,3,22uF,C602037
C11,0402,1,10nF,C15195
"C13, C17, C20, C8",0805,4,10uF,C15850
C16,0603,1,2.2uF,C23630
C2,CP_Elec_10x10,1,100uF,C161937
"C24, C6",0603,2,1uF,C29936
"C29, C30, C31, C32, C35, C36, C37, C38, C64, C65, C66, C67",0402,12,150nF,C576725
C3,1812,1,10uF,
C4,1206,1,10uF,C13585
"C41, C43, C44, C46, C49, C51, C52, C54",0603,8,10nF,C5299898
C5,0805,1,220nF,C5378
"C55, C56, C57, C58, C59, C60",0805,6,3.3uF,C342775
C9,0603,1,3pF,C695157
CR1,SOT-23-6,1,USBLC6-2SC6,C7519
"D1, D25, D3, D4, D6, D7",0805,6,LED-G,C2297
"D10, D11, D12, D13, D14, D15, D16, D17, D18, D19, D20, D21, D22, D23, D24, D34, D35, D36, D37, D9",SOT-323_SC-70,20,BAT54SW,C83575
D2,D_SMC,1,SMCJ26A-13-F,C135156
"D26, D27, D28, D29, D30, D31, D32, D33, D5",D_SMB,9,SK44BL,C151740
D8,0805,1,LED-Y,C2296
"F1, F2",Fuseholder_Blade_Mini_Keystone_3568,2,Fuse,
"J1, J10, J14, J15, J16, J17, J18, J19, J5, J6, J7, J8, J9",Molex_Micro-Fit_3.0_43650-0215_1x02_P3.00mm_Vertical,13,Conn_01x02,
"J13, J2, J3",Molex_Mini-Fit_Jr_5566-02A_2x01_P4.20mm_Vertical,3,Conn_02x01,
J20,CONN_SD-39543-002_NONE_08P_MOL,1,395934308,
J4,USB_C_Receptacle_G-Switch_GT-USB-7051x,1,USB_C_Receptacle_USB2.0_16P,C2843970
K1,Relay_SPST_Omron-G5Q-1A,1,G5Q-1A DC24,
"K2, K3",Relay_SPDT_Omron-G5Q-1,2,G5Q-1 DC24,
L1,L_Bourns_SRP7028A_7.3x6.6mm,1,4.7uH,C840529
"Q1, Q10, Q11, Q2, Q4, Q5, Q6, Q7, Q8, Q9",SOT-23-3,10,BSS138,C8490
Q3,SOT-223-3_TabPin2,1,DMP6023LE-13,C154901
"R1, R2, R3, R4, R5",0402,5,3.3k,C25890
"R10, R12, R14, R23, R8",0603,5,100k,
"R11, R13, R34, R76, R9",0402,5,39k,
"R15, R39, R44, R53, R62, R77, R78, R97",0402,8,10k,C25531
"R16, R79, R80, R81, R82, R85, R86, R89, R90",0402,9,100,C25076
R17,0603,1,470k,
"R18, R19, R27, R29",0402,4,10k,
"R20, R21",0603,2,100k,C25531
R22,0603,1,23.2k,C25890
R24,0603,1,18k,
R25,0402,1,1.2k,
R26,0402,1,160k,
R28,0402,1,3.3k,
"R30, R35, R36, R37, R38, R40, R41, R42, R43, R49, R50, R51, R52, R58, R59, R60, R61, R94, R95, R96",0402,20,1k,
"R31, R32",0402,2,5.1k,
R33,0402,1,270k,
"R45, R46, R47, R48, R54, R55, R56, R57",0402,8,Rb,
"R6, R7",0402,2,1k,C11702
"R63, R64, R67, R68, R71, R72",0402,6,10,
"R65, R66, R69, R70, R73, R74",0603,6,250,C861779
R75,1206,1,25m 1W,
"R83, R84, R87, R88, R91, R92",0603,6,100k,C25530
R93,0402,1,47,C445569
"SW1, SW2",SW_Tactile_SPST_NO_Straight_CK_PTS636Sx25SMTRLFS,2,USAKRO UK-B0227-G4.3-B-250,C556661
TP1,TestPoint_Loop_D2.50mm_Drill1.0mm,1,TestPoint,
TP2,TestPoint_Pad_D1.5mm,1,SDA,
TP3,TestPoint_Pad_D1.5mm,1,SCL,
TP4,TestPoint_Pad_D1.0mm,1,TP_+3.3V,
TP5,TestPoint_Pad_D1.0mm,1,TP_+5V,
U1,SOT-23-6,1,LM3880-1AA,C486059
"U10, U11, U13, U8, U9",TSSOP-16_4.4x5mm_P0.65mm,5,ADS112C04,C701615
U12,SOT-23-6,1,INA187A1,C49262296
U2,Texas_HSOP-8-1EP_3.9x4.9mm_P1.27mm_ThermalVias,1,LMR33630BDDA,C544370
U3,TO-252-4,1,TPS78533QKVURQ1,C3748131
U4,VSSOP-8_3x3mm_P0.65mm,1,TLC555xPS,
U5,SOT-23-5,1,TPS78450QDBVRQ1,C2877783
U6,SOT-583-8,1,LM66200DRLR,C3235556
U7,ESP32-S3-WROOM-1U,1,ESP32-S3-WROOM-1U,C3013946
